Id,Prediction
0,0.999993813553349
1,0.9999998715994642
2,0.9999999887033255
3,8.034484189067825e-11
4,0.9976724616111574
5,0.9999999994041121
6,4.915623463830343e-12
7,1.3107134766432438e-07
8,0.9999469366029287
9,0.9999817725080054
10,0.9999807597983662
11,0.826952880799066
12,3.601190234903129e-08
13,7.578007337194492e-07
14,1.3209337040631652e-05
15,0.992321732352137
16,0.9869279353245001
17,3.6610549426052685e-05
18,1.54462442836234e-10
19,0.9536097248184744
20,2.2196600113488785e-10
21,0.0001367351082938173
22,0.002335835867638636
23,0.9999999997576439
24,5.115463608262871e-12
25,0.0008796430760996676
26,0.999950016022286
27,0.0540380615193784
28,0.9964845932007307
29,0.9999999924012303
30,0.99921338962831
31,0.9999999989255277
32,5.313083306646149e-12
33,0.9387677460260703
34,0.9999999771817447
35,4.327077796073553e-08
36,0.9999999998429886
37,0.9999999917708164
38,0.999983319805863
39,0.22205500109405796
40,0.9999997464596838
41,0.001340176279699068
42,7.281110603329921e-09
43,7.213785124804417e-12
44,3.741436007398402e-05
45,3.4029484348163663e-06
46,0.8085557178686887
47,0.001441056191170853
48,0.9999994321269141
49,0.9999999999574911
50,0.9998886748979857
51,0.9999999999992107
52,0.9978554864766866
53,0.0
54,0.9999999999997252
55,0.00048632487189836926
56,0.9999991209491081
57,0.9987054864735994
58,0.9332420642570565
59,0.9999997651127106
60,0.0
61,1.7045549164373952e-06
62,0.999983896608128
63,6.270539643082884e-13
64,0.9999980035290548
65,0.9999998250908098
66,8.649260458915009e-05
67,0.21017345785278618
68,0.9999678991494215
69,0.0
70,4.774403095098023e-12
71,0.9999999995014626
72,0.9999998139983531
73,0.9999999999999979
74,0.9999782255398705
75,0.9999995417230992
76,1.4307824347525866e-07
77,3.8413716652030416e-14
78,0.999999995287557
79,0.9999174031416582
80,0.9999999858460195
81,1.5856658874824348e-08
82,0.00010668005978653472
83,0.9981135474669687
84,0.999999304711972
85,8.314307389234443e-07
86,0.9999997820457647
87,1.1329825966299722e-11
88,0.9999999999839239
89,0.9999997946685193
90,0.9999861149372268
91,4.379893558947856e-09
92,1.2260924686646746e-07
93,0.9999999977688719
94,0.9999993456623449
95,0.7925264345013234
96,2.220446049250313e-16
97,0.9999996630504235
98,1.3699175127612762e-10
99,0.9999999934358637
100,0.024820802597959157
101,0.9999959278960449
102,0.992942210437676
103,0.002817611707015555
104,0.9999891735584009
105,4.2540435907234553e-07
106,0.00012502084072807396
107,0.999999999994741
108,2.7714515127286177e-09
109,0.9999999999999192
110,0.9999997470622755
111,8.759383851586477e-08
112,0.9999999619709256
113,0.0003634864001564875
114,0.2568160318170588
115,9.769962616701378e-15
116,6.927985713234275e-05
117,0.9989393882613207
118,0.8391389444808358
119,0.9996316949153037
120,0.008415389614994107
121,0.9999999999999934
122,1.1612932837579137e-13
123,0.999398328788256
124,0.9999999999985686
125,0.9635908442971965
126,1.0564327764694958e-05
127,1.3950542943064193e-09
128,0.9999999915269095
129,0.9999999994715375
130,0.9999999999900511
131,2.318107761301036e-08
132,0.0011277296824916405
133,0.9999692421177513
134,2.1895138946348425e-07
135,7.178891103798435e-08
136,0.9988626849668572
137,3.6345927955427904e-05
138,0.9999954052140595
139,0.999995618983529
140,0.9960044992605825
141,0.9999999752288241
142,0.9999999143505132
143,1.8326919554056964e-05
144,0.893103731889735
145,1.4988010832439613e-13
146,0.9999962096842796
147,0.99903022575697
148,0.014069370281394988
149,1.6490175357430914e-06
150,0.9999999999718576
151,8.7192103258249e-05
152,0.9999704979921573
153,0.9999913478963032
154,0.9999902454837517
155,1.4523657987375316e-07
156,3.6527002311714796e-08
157,0.9999987513563448
158,0.9999747254652808
159,0.0005403513879717048
160,3.6589836716061086e-08
161,0.9999999999889654
162,0.9999999972568075
163,0.8606457421656543
164,0.9945195193099023
165,0.9999758539850937
166,0.0001625227332129331
167,0.9999999999999826
168,4.7917730201629816e-05
169,0.9999999535372226
170,0.9990167315229431
171,5.88462611972318e-12
172,5.44275113484316e-05
173,0.999937588527479
174,0.9985004285671244
175,0.9999999966544024
176,0.9973174857206633
177,0.9999620264320201
178,0.002021962599061844
179,1.0436096431476471e-14
180,0.9999999997386438
181,0.9999999433628365
182,0.0032078044227377145
183,1.7595824815197503e-05
184,2.7231699368801543e-05
185,0.9999999759356756
186,0.0012271282471296718
187,0.9999999997679195
188,6.076472658378407e-12
189,0.9999999999999981
190,0.9999957015683362
191,0.0050740823902538645
192,0.9945842858234458
193,0.9999539945565861
194,4.597400633521431e-07
195,5.6922652986735045e-06
196,1.2572719374492891e-06
197,0.9999748592656491
198,0.999999997933041
199,3.35688962610492e-05
200,1.919349568169082e-09
201,0.00040717231752740446
202,0.9999999778919927
203,0.00018301372920126457
204,0.9992194813568557
205,0.023918719375525588
206,1.7451851682670494e-06
207,0.9998219681909971
208,7.497180654070235e-11
209,0.9999969946854379
210,2.174704194501942e-09
211,1.7741363933510002e-13
212,0.9999994511170904
213,0.9999993468014068
214,0.001187612282801287
215,0.9997355477244764
216,0.9999995339901468
217,0.8747568698202084
218,0.999978754297935
219,0.9940205020074143
220,0.017725759096304805
221,1.6482611246981804e-06
222,3.774758283725532e-15
223,0.9999435915478347
224,1.5223157905475126e-05
225,0.9999850290182145
226,0.9995766724199997
227,2.323363723633065e-10
228,0.9922307617177811
229,6.228795257356978e-12
230,0.5704008979454931
231,0.998890112484941
232,5.392992016406417e-05
233,0.9999905167391926
234,2.2870594307278225e-14
235,9.213689433629213e-08
236,0.0
237,6.772360450213455e-14
238,1.3634240403348485e-08
239,3.680664217853291e-09
240,0.9999999999999672
241,0.9812377903128047
242,1.0880185641326534e-14
243,0.9999999952346151
244,0.9999999791671343
245,0.9970772486404407
246,0.9800931258242292
247,1.2238416946530606e-09
248,0.9997009608439446
249,0.9999999882428443
250,2.220446049250313e-15
251,0.012626905146692291
252,0.9999999664707723
253,0.9985660865299819
254,7.215745862709788e-06
255,1.520984848146778e-05
256,4.0155756542703536e-05
257,2.4500401707427955e-12
258,0.9999998857612468
259,0.9999997864626876
260,0.99999655815821
261,1.7692536324886987e-10
262,0.9999999919603709
263,0.9999260499812123
264,0.0
265,5.795364188543317e-14
266,1.629251021872946e-07
267,0.999999999501873
268,2.5215920118615287e-07
269,1.8190036921161834e-08
270,3.26272342476841e-12
271,0.00010533506717080865
272,0.9999999224648191
273,0.9999571220745959
274,0.9999999515483231
275,0.9999999542790743
276,0.07577373909797058
277,3.0284537100300213e-09
278,0.9999999957273202
279,0.9999280761669705
280,0.019727648345215343
281,0.9999706634972887
282,0.9998389521589585
283,0.9999664722883289
284,0.9999999776023777
285,0.9999998604204479
286,0.9998917384151063
287,0.9994385031647064
288,0.9999999893365703
289,3.243831073085346e-06
290,0.9999169132146778
291,8.882401147936037e-09
292,8.324055289499199e-08
293,1.4654943925052066e-13
294,0.9999999283575837
295,7.815970093361102e-14
296,0.9999999027216214
297,0.002542606303639783
298,0.9999956353903521
299,2.2870594307278225e-14
300,0.0
301,0.9999995325363348
302,1.8962609260597674e-12
303,0.9999998733409833
304,0.9999997047127415
305,0.004244501479106155
306,0.9999999989421872
307,1.7203705826585036e-06
308,1.5543122344752192e-15
309,0.9862135750161727
310,0.9999983389045622
311,0.9999999996851133
312,0.3696370836868905
313,2.5946767847617735e-06
314,1.4287793170808527e-10
315,0.9999994933101932
316,0.9999999999999789
317,0.0
318,0.9882894381043315
319,0.9999998832406659
320,0.9999999872494113
321,0.9999999624203164
322,4.6489478933153805e-12
323,0.0001263919205043429
324,0.9999756554124486
325,0.9998829315953689
326,0.001203267372394401
327,0.9999999956782392
328,1.0700603602531444e-05
329,0.9999999999999549
330,0.9999408902630591
331,0.06801250554100424
332,0.999999999888425
333,0.9958730115087465
334,9.031029149508818e-06
335,4.831262012672255e-07
336,1.440590083889859e-07
337,0.9999999999011854
338,0.00020081153671935859
339,5.2544686046651634e-08
340,1.5069629988317956e-09
341,3.737676834703052e-12
342,0.9999951401107504
343,0.4492965811529749
344,1.0221334973858909e-05
345,0.999998679313872
346,4.7982395945389555e-08
347,0.9999999981571686
348,0.973381037885141
349,0.9999999999749656
350,0.9998963381665731
351,0.999876776261544
352,5.8344023062817385e-06
353,0.9999999999899651
354,0.9998315530868422
355,1.4023937688900645e-07
356,0.9999999999741955
357,1.8997738937542863e-09
358,2.126337106389542e-09
359,2.220446049250313e-16
360,0.019519334804660393
361,8.969545662873557e-07
362,0.9999945704163151
363,5.054610063837117e-10
364,0.9999994674587009
365,0.9999978033272559
366,0.9995453313101375
367,0.8929986257780398
368,0.9999825759277855
369,9.012727686386057e-08
370,7.395742102733749e-06
371,0.0
372,0.999999999570337
373,0.0005671388378699627
374,0.9997873310613579
375,0.724564129886754
376,2.626507900060915e-10
377,0.9999924257850042
378,0.0002785177556052787
379,0.999962262879238
380,0.9999981425139266
381,1.3811825017029378e-09
382,0.0004954190621947463
383,0.9969763494141848
384,0.9999996156201023
385,0.9974630979120716
386,2.2588597659023435e-12
387,3.2183531395446607e-09
388,0.0
389,0.641036854430851
390,0.9867312211146425
391,0.9999997514275014
392,0.00827957880897534
393,6.686737113015262e-06
394,1.4642480964166538e-05
395,0.9998106129741394
396,1.3408052446095553e-10
397,1.199040866595169e-13
398,0.9999978521632438
399,5.407284879854757e-07
400,0.9999943974145852
401,0.9999999864362991
402,0.99996662009965
403,0.0012393171752876908
404,1.3986536323562504e-05
405,3.134529524828622e-09
406,2.4424906541753444e-15
407,0.0013648996261653723
408,1.7298345050820174e-06
409,0.9999999459744762
410,0.9999999905272976
411,0.9978500555946984
412,7.235747556677552e-10
413,0.999957423946629
414,6.002663166526645e-08
415,5.3839708247238605e-09
416,2.019675537923149e-10
417,9.8538666115644e-10
418,1.0768694935769929e-08
419,0.9766686647666897
420,0.999999999997573
421,4.921236751442848e-10
422,0.9994106140576271
423,0.0003067071940801025
424,0.999999928454925
425,3.552713678800501e-15
426,0.9999946591904304
427,0.0008222405965649937
428,3.407876203453952e-10
429,0.45324002811532005
430,0.9999837781113929
431,4.440892098500626e-16
432,1.6922929724216829e-10
433,0.9999967938277236
434,1.578050703532341e-05
435,0.0
436,0.9999996700609205
437,0.9999999999989297
438,0.0
439,0.9995760791606161
440,0.9999999923501532
441,0.9999293294553315
442,5.3517190679031046e-12
443,3.440831338186179e-06
444,0.9999997945419299
445,6.128695370088977e-07
446,0.9999999999999808
447,0.9999999999999999
448,0.999999998783557
449,1.4589440766599182e-11
450,0.00026519427153015585
451,0.9990868254080659
452,0.0
453,1.3244386609656544e-07
454,4.930628210164656e-07
455,0.03571399261192609
456,1.1254399523430436e-08
457,0.0
458,2.5187003593885038e-09
459,4.70149252862484e-10
460,0.9999979912646634
461,0.0010631253623286652
462,2.6483156109979866e-05
463,0.9999587423567081
464,0.9998056933658136
465,3.746603027821038e-11
466,0.5557727264493562
467,0.0
468,0.9984700640820441
469,1.1943157574023644e-10
470,0.0033687668085374822
471,0.9999892564847995
472,1.09248677881979e-08
473,1.6142642778049776e-13
474,0.9980269269193911
475,1.0425800223146098e-09
476,1.4592065333829396e-09
477,0.0026716194836226004
478,0.00014228231422164228
479,0.0
480,0.9999999999367728
481,0.999923876264583
482,1.1757158021596936e-06
483,0.9999999898363917
484,0.9999986947224085
485,7.623675268852992e-08
486,0.9999686606593597
487,0.003814785249492081
488,0.9999893692525897
489,1.7342706493117532e-08
490,9.42891382749167e-08
491,0.0013404917454550302
492,0.21742054338925598
493,6.6408071160983795e-06
494,0.999999996310053
495,0.9999999999861306
496,0.9999994726780372
497,3.48793438131878e-07
498,3.864393642194486e-06
499,0.11525265052609168
500,0.0002393371809039646
501,0.0002897406114513723
502,0.9999998908561097
503,8.551543720514143e-05
504,0.999787862694332
505,0.9999999999998934
506,1.6585027453608348e-05
507,3.168576512280197e-13
508,0.004294727391917386
509,4.28676183439336e-09
510,0.9940437865694504
511,0.9963698207492079
512,5.891228296306394e-07
513,0.9999929351692598
514,0.9999999832773078
515,0.9999999633676994
516,0.9990892799947997
517,0.9999999999786378
518,0.9999999950249365
519,0.9998977188156184
520,1.4330806263895823e-07
521,0.9999959107030922
522,0.0009269792923118914
523,2.2777315000777065e-07
524,1.4842407297321891e-05
525,4.440892098500626e-16
526,0.9700088150295522
527,2.8676128915883226e-08
528,0.0
529,5.029477057050258e-09
530,0.9999598304597554
531,0.9998353636272267
532,0.999999999998588
533,0.9994700427531167
534,6.063334245798302e-08
535,7.288457681831062e-08
536,0.999981444131899
537,0.9999984123981591
538,0.9998971651952286
539,0.9989884175252451
540,0.9999985126125606
541,0.9999421196113581
542,0.9999997746744067
543,0.9996646103029269
544,1.8978473748099134e-07
545,3.4683589333894815e-11
546,0.9965105253519972
547,0.9999999997213893
548,0.9960166905170179
549,5.533140678970483e-08
550,0.9999999276180201
551,2.942749666168254e-08
552,0.9999780740004468
553,0.999893414232594
554,0.999527292786131
555,0.9999998926343324
556,0.9889320525183426
557,4.187502474772842e-07
558,0.9999952804560203
559,0.2544177415987984
560,1.0
561,0.0004952842669355695
562,3.446620766567321e-11
563,0.9995889577271437
564,0.9999993203095852
565,0.9992128386679628
566,3.239630785856207e-13
567,0.999997741274002
568,0.17217519566371453
569,0.9999999915091716
570,3.4638958368304884e-14
571,0.9999999775027056
572,0.9999999980482577
573,0.999985530341966
574,0.9784331885058302
575,0.9998004651920116
576,0.9991771272748791
577,5.9944493813191e-10
578,0.9999627872622406
579,0.9995057869809276
580,7.938094626069869e-13
581,3.309159400832762e-05
582,0.9999989716683267
583,0.9999999694901199
584,0.9999999999969348
585,0.9999999502528683
586,1.0515879278472084e-09
587,7.411340019469748e-08
588,0.9999994848170688
589,1.0100809078039674e-11
590,0.9999999999999702
591,0.9999994402740252
592,0.8333539211411285
593,0.9999998563739051
594,3.710420171110229e-08
595,0.9991183253746257
596,0.9993361375218216
597,0.9998644284877348
598,3.1810035885371235e-06
599,1.0504584603054923e-05
600,1.0704685732276786e-06
601,5.523739243784576e-10
602,4.614216593190612e-05
603,0.9999997052726938
604,0.9999972991013063
605,0.9989863865167694
606,1.7852386235972517e-12
607,2.4491519923230953e-13
608,7.37676586481939e-12
609,4.989342272665453e-13
610,2.048672342880309e-11
611,1.554312234475219e-14
612,3.639089030116338e-12
613,1.500627955230982e-08
614,2.8946486985148567e-08
615,0.9999991593838853
616,8.5502279212335e-06
617,1.614888223144817e-10
618,0.0026407177161887896
619,0.9999629528265155
620,2.180331248879952e-09
621,0.5372792394019679
622,0.0032194651496545434
623,1.5678483112901986e-06
624,8.205522564752599e-07
625,0.9999477293519158
626,0.9999999952199367
627,1.0
628,0.9999999963227864
629,0.00573068363809881
630,0.9991708948439122
631,0.006934537909046967
632,0.9677413057122042
633,0.954041616699944
634,6.421671672707241e-05
635,0.9999751222522117
636,0.999999972894136
637,0.9999986558145322
638,0.9999993593100743
639,1.7949863817534606e-11
640,2.042810365310288e-14
641,0.9898659869480987
642,0.9999999995460305
643,0.9999999876467155
644,0.014391775798861528
645,0.9987920357112492
646,1.3092584247864636e-06
647,0.9999614389579252
648,1.6136936231703203e-10
649,0.9997659922677891
650,1.9930945782675735e-11
651,1.5263346142546652e-12
652,0.9997570406512908
653,0.9999823913386648
654,1.135491700665625e-09
655,1.473015587061255e-06
656,3.363155127555917e-05
657,5.218048215738236e-14
658,0.9999999697526516
659,0.9999662634160781
660,0.9991505013794447
661,3.2442937225596324e-12
662,0.9999967339567972
663,1.3433249301808559e-07
664,0.0005917723859650836
665,0.9999975991808626
666,0.0008878244283591075
667,5.0487317326819436e-08
668,0.9999994895938962
669,0.999864074706264
670,1.5194004241436687e-06
671,6.55633901613939e-08
672,4.5703463236179687e-10
673,0.9999651124985872
674,0.0
675,2.220446049250313e-16
676,0.9998349142717435
677,0.0
678,4.440892098500626e-16
679,0.0035790409187733685
680,0.691141064096656
681,0.9999787857517322
682,2.6086895532628773e-08
683,0.9999990226618477
684,1.2475263377886847e-08
685,0.9999994462009447
686,0.9998606124465619
687,0.9999792138652592
688,0.9999999043710178
689,3.176747087607623e-09
690,0.9999998705087845
691,8.758138814957128e-06
692,0.9999085955305764
693,0.00022805647431833886
694,9.769962616701378e-15
695,0.9999999999999312
696,0.9999983175290121
697,5.11471296515964e-06
698,0.9999999501306504
699,0.9999930687514876
700,0.9999986896428852
701,4.036019639719335e-06
702,4.622727015624051e-07
703,0.0029674287353878004
704,0.9988938484015928
705,2.705116459056356e-06
706,0.9999984126684339
707,0.9985247892294494
708,0.9999997419194343
709,0.9998098088429489
710,0.9999999999940391
711,1.0027742154417041e-05
712,0.00399468808940695
713,0.9999960430264621
714,1.3394070204841846e-05
715,0.9999518918371266
716,0.9996157499005417
717,0.9999970476066087
718,0.006440089442685704
719,1.092459456231154e-13
720,0.9999765793251418
721,0.9999999665170728
722,5.059439223242812e-06
723,0.9999999826584904
724,5.334144237423288e-10
725,1.0246144932501977e-08
726,5.879082452531215e-06
727,0.9988290973840226
728,0.0002779618055803734
729,0.023941138087072322
730,0.0
731,0.9999999996621757
732,0.22893593139581625
733,4.354553906349423e-08
734,4.04121180963557e-14
735,0.9999999845275457
736,5.329163024203609e-07
737,1.5640821970919205e-12
738,1.7279131458991515e-09
739,2.323192083153458e-09
740,0.0
741,0.9999999921730085
742,0.005352086514245014
743,0.9985427918593306
744,0.999996455418914
745,1.800781745942004e-13
746,4.440892098500626e-16
747,0.9999789376728835
748,0.9999996166332104
749,0.006771785481676673
750,7.221683106950483e-05
751,0.0
752,0.9999980693213817
753,0.9999999998630308
754,2.220446049250313e-16
755,0.9962057570707445
756,1.0750378365287361e-10
757,0.9999982827986525
758,0.9999635058291035
759,0.0002169662174914544
760,0.9999998036773204
761,0.8902911738412685
762,1.5763147098724062e-07
763,1.709324937915202e-05
764,0.9999889104162848
765,4.2230428043410484e-08
766,4.165570355318948e-08
767,3.624698319271147e-10
768,0.9997002306264147
769,2.440598867448074e-08
770,1.6552537118741384e-11
771,7.628964127093241e-11
772,1.5498954697434897e-07
773,0.7690382538914149
774,0.9995194633471686
775,0.9999999999736902
776,0.999939508373582
777,6.057386833235867e-07
778,0.9999977870208707
779,0.9973633841783545
780,0.0013255629529942414
781,0.9999999996535196
782,1.8544453020963303e-05
783,0.9997642673010468
784,0.9999994710158365
785,0.12670534346841877
786,8.504308368628699e-14
787,1.9577455212527184e-09
788,0.9999992343958494
789,2.2034707392037944e-09
790,0.9999977312208516
791,0.9998531406406024
792,0.26062445039101956
793,0.9999999994517788
794,1.2159162565694714e-12
795,6.112168350336233e-07
796,0.9999999995658442
797,3.845679330538587e-11
798,1.9416246388459513e-11
799,0.999847560703497
800,0.9999880220802388
801,0.0
802,1.3783944952105998e-07
803,0.9905204720256602
804,0.9999762602207872
805,0.0005026971401935754
806,0.0009275583402910126
807,0.00033439306456439777
808,0.9999921608090943
809,0.9999999810401458
810,0.9999964147652747
811,0.9999982421196653
812,1.2263767779074897e-10
813,4.4674553398516004e-05
814,0.036051897169269376
815,0.0
816,0.990167247470929
817,0.9999253027894542
818,2.234827056746269e-08
819,0.00023349583886689285
820,0.9999999450678367
821,0.9999993543070668
822,0.039306872170146834
823,2.353672812205332e-14
824,1.6908039413010556e-09
825,8.457186326804589e-07
826,0.9999999992701919
827,0.9999954128370436
828,0.9998536171242001
829,0.0
830,0.14036434032394263
831,0.9975493381253437
832,0.12235357874576125
833,0.9934850586989997
834,0.9999995462283938
835,0.999998454600932
836,0.9999999999822634
837,0.9998157962518307
838,1.176836406102666e-14
839,0.02189497668044793
840,0.999998922717397
841,2.385032171758894e-10
842,8.51336778850964e-11
843,0.9999999999986567
844,0.9999523830780035
845,4.761457894630894e-11
846,1.949640449083745e-11
847,0.9999066663071196
848,0.013219783301005261
849,0.0
850,0.00032338561211398
851,0.013329767837926165
852,0.9999965855227839
853,0.9594367870502674
854,5.2523150384509165e-08
855,1.3048017111216836e-08
856,0.04261372398389274
857,2.7226980670036482e-09
858,5.11017102963196e-05
859,0.9922317720865872
860,0.9999324713834431
861,0.9349241824298966
862,2.731228576635658e-09
863,1.6086498799694482e-09
864,1.145908293764819e-05
865,1.0613330858610937e-06
866,0.00011244324397541305
867,0.999999974602594
868,0.001600679262022009
869,0.999994524259375
870,0.011329128935258503
871,0.9999966329932996
872,0.999999998362884
873,0.9999999707963731
874,7.845812888263026e-11
875,2.220446049250313e-16
876,0.9999999999999998
877,0.9999954387292979
878,9.761589669921023e-08
879,0.9999897821450371
880,1.3944440713231643e-08
881,2.353672812205332e-14
882,0.9999999999993114
883,0.9999999999988534
884,0.9961467080452793
885,0.9595962797551186
886,0.9999999669848662
887,3.0746353537614013e-06
888,0.9986590424946483
889,0.9999881320838884
890,0.9998054444699551
891,0.9999999912073916
892,0.0
893,0.9999997692760854
894,0.9980593120046113
895,0.9999999517783381
896,0.00168092317905566
897,1.1102230246251565e-15
898,0.0013911951485905405
899,1.7610204328111223e-07
900,0.999999458413376
901,1.176836406102666e-13
902,0.9998014454018268
903,5.439026126152768e-07
904,0.0005029598893292464
905,0.9865911639001149
906,0.9941413794152981
907,0.013845505727491103
908,0.9999910269118653
909,2.6867397195928788e-14
910,6.912952692417207e-05
911,0.9999999978319926
912,0.9999930071597698
913,6.957355348391481e-06
914,0.00020114873556964508
915,2.139837640413589e-09
916,0.9999993946488864
917,0.9972619675462526
918,1.793127546445561e-07
919,0.9934212322007542
920,9.869316408561701e-08
921,2.6900941585417115e-07
922,0.9999997150208151
923,0.0
924,0.9999999212676813
925,0.999999999722695
926,0.999999999998683
927,6.564778294892992e-05
928,0.993840047869372
929,1.2336309751503904e-10
930,0.9999997810657911
931,1.2544203383813013e-06
932,1.9539925233402755e-14
933,0.9999362431081362
934,0.0
935,5.309115923446406e-06
936,0.9999991598131699
937,0.9999999999999983
938,4.1782548459989854e-05
939,0.999999893747964
940,0.9999999376743064
941,0.9990057364516707
942,2.8950873176558645e-07
943,0.999992179319374
944,0.9999999999719599
945,0.9999991961667117
946,0.999673693990202
947,0.43934397239696565
948,0.9769394458809042
949,0.9999874125410291
950,0.00042042296722544226
951,0.999999004993989
952,0.999996055548738
953,0.9999209660746693
954,0.9999950571775185
955,0.0012408189934540736
956,3.827627992336602e-09
957,0.9958724050927826
958,0.9990233362381179
959,0.9999994327039579
960,5.870326447166008e-11
961,0.9999999755413724
962,0.9999999999171724
963,0.9999808024039007
964,0.999306315417358
965,0.00014195056466637102
966,0.0009154442572827381
967,1.0361193590435747e-05
968,1.4404649867350017e-06
969,0.8105281000662428
970,0.17778030071034123
971,0.9999999993045281
972,2.524647157997606e-12
973,0.9800707167850792
974,3.6637359812630166e-14
975,0.006061556578439431
976,1.2816414596272807e-11
977,2.4530360914765126e-05
978,0.00020803291884574637
979,0.9999996593126852
980,0.9999957237907171
981,0.9998917258478199
982,0.9999999200275965
983,0.11228201361064838
984,2.8402436943464338e-06
985,0.9999929451651062
986,0.7778975925024751
987,0.19453931419581916
988,0.9999302286421959
989,0.9999999999997177
990,5.730926844194073e-11
991,0.9999997173566052
992,0.994822857468935
993,0.01346746222556039
994,0.9999999396018613
995,1.2010371518988983e-05
996,0.9998249050699788
997,1.771409019468706e-09
998,0.9997177932405443
999,2.220446049250313e-16
1000,7.744030945389113e-07
1001,2.4518165275821957e-12
1002,8.651045102503474e-09
1003,0.07530442189544428
1004,0.1448154978833276
1005,0.2996081296316412
1006,1.8024470804789416e-11
1007,9.319551661834957e-06
1008,0.9999781624144868
1009,0.03182033603524448
1010,2.615245787651599e-05
1011,0.9999784326000801
1012,1.1143597045126796e-07
1013,2.9753977059954195e-14
1014,1.809335126501388e-06
1015,9.182586583444952e-06
1016,0.9999999997384502
1017,0.9999990935874291
1018,4.0545344859310717e-13
1019,0.9999722451396752
1020,0.9999978671965534
1021,1.0
1022,1.9183984256709863e-07
1023,0.9999997673640333
1024,0.0
1025,1.8979733451551795e-08
1026,3.2738255217878987e-08
1027,1.1472360056385966e-06
1028,0.999998108414672
1029,3.0356761548944178e-09
1030,0.08984001493912319
1031,0.00011873223581926329
1032,0.9995390635311233
1033,0.9998762539968199
1034,0.9999989580043508
1035,0.9999126487586121
1036,0.00017165631143201132
1037,0.9999996817325199
1038,0.9999439538901104
1039,0.9999957365774227
1040,0.02260646268641353
1041,0.9999991208987526
1042,0.9999909311032883
1043,0.9808560944957516
1044,0.9999999989451785
1045,0.9965967581471594
1046,0.9999948790699218
1047,1.7307870692206961e-09
1048,2.822434952420849e-09
1049,0.9979804302981209
1050,0.9996417259565498
1051,1.6958212611939416e-11
1052,0.9523094510791785
1053,0.9999998141626053
1054,1.4395602676575692e-07
1055,0.00067104873916779
1056,0.9998649380322286
1057,0.9995983408819166
1058,0.9956389027485649
1059,0.9988488701102533
1060,0.9887698377135564
1061,4.470769754405524e-09
1062,0.9437791034645505
1063,8.606718260639745e-06
1064,1.4499027756187388e-08
1065,0.9999175321440326
1066,1.1244481786798488e-06
1067,0.8760207896751387
1068,4.840931698835149e-07
1069,0.9991683350406931
1070,0.9916988448339352
1071,0.9997527174437425
1072,4.306019596445054e-08
1073,0.9940388672249572
1074,0.0005854622759676742
1075,0.999693897203778
1076,0.0002253955282996989
1077,0.9918550863263448
1078,5.662248447890761e-11
1079,0.9999999999999787
1080,8.881784197001252e-16
1081,0.9999999989861961
1082,0.9999670446663976
1083,0.9999983997968825
1084,0.9563360899737711
1085,0.9984233420171013
1086,3.7348235615297654e-10
1087,6.841658350964508e-10
1088,0.9999999999999897
1089,2.8821389719269064e-13
1090,0.9994697226456376
1091,0.9996290486402584
1092,1.5346503264845879e-06
1093,1.7838125310198905e-08
1094,5.7409632603366845e-12
1095,0.001103301398391987
1096,0.9999924689795052
1097,7.446207712247244e-05
1098,0.9999999978048532
1099,0.038787897029564866
1100,0.9958654118059224
1101,0.9999980729663486
1102,5.499824817789545e-09
1103,9.553913216109322e-11
1104,1.606484076877024e-07
1105,0.9998763545316776
1106,0.9999999999999039
1107,0.037897555040990794
1108,7.717538275109348e-08
1109,0.9999995371597336
1110,2.4250601526887294e-11
1111,5.0770276871503484e-11
1112,0.9999999849594597
1113,0.988102001312106
1114,0.00022526420858670626
1115,3.721752332463968e-05
1116,5.0638388704449255e-08
1117,1.8872747808984514e-10
1118,0.999764751159202
1119,0.9999939244472165
1120,0.9982158561187578
1121,2.100674011407122e-07
1122,0.9999927772057104
1123,4.0750278706980225e-09
1124,2.483660963559231e-06
1125,0.009579558682472733
1126,0.9999999999875366
1127,0.9999955285807642
1128,4.168618165101279e-07
1129,0.9999140530106321
1130,0.9999999968339327
1131,0.0
1132,2.126876452734905e-10
1133,3.180880639530592e-05
1134,0.9612275683019109
1135,2.0766321995324688e-10
1136,0.9999997407518356
1137,0.9982581692785722
1138,0.9999844546356536
1139,0.9167561455818342
1140,5.864642105279927e-12
1141,2.5505027955174953e-06
1142,0.9999776901965537
1143,0.9999805405180194
1144,0.013776815576754142
1145,0.9993565514542019
1146,0.9999053810965048
1147,3.7002045871759037e-09
1148,0.0
1149,0.9999998993685819
1150,0.9994918900669488
1151,0.9999929119813145
1152,0.9999985292253689
1153,0.999992451637567
1154,0.9999988671187123
1155,0.017096042263198163
1156,1.0
1157,0.9999999113465352
1158,3.286415584113911e-11
1159,0.9999999931611815
1160,0.9999999973777912
1161,0.3025552878575408
1162,0.9948549709011824
1163,0.9999999999998497
1164,2.220446049250313e-16
1165,0.9977176347560112
1166,7.445847050613352e-05
1167,0.9999771397019446
1168,0.9999814136840557
1169,0.0005833147455142074
1170,1.7879703162471117e-07
1171,6.790504427756083e-06
1172,0.9999999999959602
1173,2.9397102482175974e-05
1174,0.0019305337593541472
1175,0.9999999998428973
1176,0.007316341006876281
1177,0.9999934592488859
1178,0.9999934022968451
1179,0.9999999990684717
1180,0.9998796199837127
1181,0.9999999784866002
1182,3.5678504595182403e-10
1183,0.9999710360306645
1184,0.9999999999979227
1185,4.196643033083092e-14
1186,0.9999651593609961
1187,0.9999938416082663
1188,0.6999147803245976
1189,0.000927114601317558
1190,0.0
1191,1.9572909936038663e-05
1192,0.9999793895628865
1193,4.790528114528847e-06
1194,6.439293542825908e-15
1195,7.915974720162922e-08
1196,0.9999996217589995
1197,0.9999999817122797
1198,1.663731374890176e-10
1199,0.016303875906154452
1200,0.9999948663701156
1201,0.9999746961436856
1202,1.949551631241775e-13
1203,0.03146028090023656
1204,0.43553214532734597
1205,0.9999998847267373
1206,0.00022787834335302737
1207,2.7984075516851448e-06
1208,0.9999993754651978
1209,0.9999999998635944
1210,0.043303616735870465
1211,0.00035289316382081104
1212,1.8646388244558665e-07
1213,0.9999996927310378
1214,0.9999999992607866
1215,0.9999877251344739
1216,0.9826851019035321
1217,6.646156822653904e-05
1218,0.0
1219,0.9999999975204377
1220,2.140498852576389e-05
1221,1.259712537615698e-07
1222,0.9999998276666893
1223,0.9999579585332157
1224,6.560901011365416e-08
1225,2.004196808513825e-11
1226,0.9999801427662783
1227,4.4596351278514135e-08
1228,8.02503195196369e-06
1229,0.9999999999999937
1230,0.9999955172748138
1231,1.17084120176969e-12
1232,0.9982051983222856
1233,1.0043077480759166e-11
1234,0.9999450440669455
1235,2.0650148258027912e-14
1236,0.99999336394909
1237,0.99978617933072
1238,0.9999994079162622
1239,0.999642220145721
1240,7.236400896948325e-06
1241,0.9999998658737926
1242,0.9999999999999876
1243,1.1405711153322784e-08
1244,8.884450719337522e-06
1245,0.9921048827157257
1246,0.9999999999999991
1247,0.9994493762564659
1248,0.9999378954699947
1249,0.9999989131791153
1250,0.9402944656531784
1251,0.5421897274032906
1252,0.0003102638249460332
1253,2.6645352591003757e-15
1254,0.9999966836069701
1255,0.5305051932540064
1256,0.9979195379443553
1257,0.999999168674344
1258,0.9993651769551205
1259,0.9999999999987049
1260,0.9997249032525896
1261,0.999999999999952
1262,0.9999865895013151
1263,1.0562163674454617e-05
1264,3.712255391974395e-09
1265,0.9999708395195928
1266,0.0017094071363863428
1267,0.9999920474268047
1268,7.30526750203353e-14
1269,2.1702892816222175e-09
1270,0.014687742236409784
1271,0.9999069011521011
1272,3.699929251865797e-12
1273,3.866795961204872e-08
1274,1.1546319456101628e-14
1275,0.9994150002419051
1276,0.9999999999811863
1277,0.9999786464157756
1278,0.99999999997407
1279,6.05346747351021e-06
1280,6.372680161348399e-14
1281,0.00024738396823920095
1282,0.9999997756052587
1283,1.565221285915186e-10
1284,0.35822803345390397
1285,0.9999990301670748
1286,0.9999992874910242
1287,0.00018158290618031092
1288,0.0
1289,2.794092494040612e-07
1290,0.9999999999653835
1291,0.9959712387636565
1292,1.2127957638163878e-08
1293,0.9999999632523953
1294,0.9999999999992019
1295,0.9999999961180595
1296,0.9999999999998831
1297,2.220446049250313e-15
1298,0.9999994943384627
1299,0.9999988169712796
1300,0.9975090104973589
1301,0.031163801890382148
1302,0.9774909289220663
1303,0.9999999999999051
1304,5.233488087341698e-09
1305,0.00020468309890009362
1306,1.648849179625156e-05
1307,9.690754815272484e-07
1308,3.649776532110849e-07
1309,0.9999992974447797
1310,0.9999712860780076
1311,0.9999950228383618
1312,1.3790513586631192e-07
1313,0.9999951783942613
1314,0.9999999748349645
1315,0.0
1316,5.660165800225325e-05
1317,0.9999992868372983
1318,0.0899404890378176
1319,0.9999999999999958
1320,7.996563402556944e-07
1321,7.927104257765549e-05
1322,2.3603099719160525e-07
1323,0.9999438897798638
1324,4.817639787479955e-05
1325,0.9999999918020164
1326,3.123028955254181e-05
1327,0.0
1328,5.228698253556541e-05
1329,0.9999999999962315
1330,0.9999600129967265
1331,6.601665558658709e-08
1332,2.4629187578284473e-12
1333,1.2197901326782556e-06
1334,2.9076814289652475e-09
1335,2.919537744894285e-08
1336,0.044930203143158765
1337,0.0005581024086170894
1338,0.9999998104037179
1339,0.9999999741277641
1340,5.084821452783217e-14
1341,3.7969627442180354e-13
1342,0.9999999371451154
1343,0.9999999999999978
1344,0.00010867878539233544
1345,1.1449952097564164e-11
1346,0.9999999995420863
1347,0.9992658114163937
1348,0.0
1349,0.9999109974806254
1350,0.9999831495509245
1351,0.9999999105880896
1352,4.1853476698938685e-05
1353,8.430656173175066e-11
1354,0.0
1355,1.0349481271987315e-09
1356,0.9999976464032511
1357,0.0
1358,0.0
1359,0.999973394847321
1360,0.9999998036334242
1361,0.9999012755028434
1362,0.9999999923694509
1363,3.395356396040938e-08
1364,1.3916889862741755e-10
1365,0.436805040198163
1366,0.9999999999982224
1367,0.9999700240059336
1368,7.30526750203353e-14
1369,0.0
1370,3.971253722978574e-06
1371,1.8956704561645665e-07
1372,0.9999999998809526
1373,2.822521024525848e-05
1374,1.5689227694792862e-11
1375,0.002880134993909822
1376,0.999990760578193
1377,0.9999999999999998
1378,0.14169414083266674
1379,1.1191048088221578e-13
1380,9.81941957933774e-05
1381,0.9999999878549554
1382,0.9999606011692231
1383,0.9999999071531364
1384,7.59170504238682e-11
1385,0.9999957326011217
1386,2.220446049250313e-16
1387,2.3713339225572838e-07
1388,4.3166803465055636e-11
1389,4.6702323306391236e-06
1390,1.0638692827802387e-05
1391,0.9999879273363168
1392,0.9972244510717113
1393,2.6250224216539664e-10
1394,0.9992122142217105
1395,0.0009108062824388918
1396,0.9998965568350507
1397,0.9999960992754242
1398,0.9999967408311525
1399,0.9968702782295186
1400,3.5152925015324854e-09
1401,0.9999999088624772
1402,0.9999998292347928
1403,0.9999988735713953
1404,1.6653345369377348e-14
1405,0.999409903543822
1406,0.9998461358291032
1407,0.999998639957717
1408,0.6647229766333114
1409,8.003622209429295e-10
1410,2.228110507429548e-06
1411,0.9999664791482399
1412,0.0018089354913560785
1413,0.9999650477372038
1414,3.305416015175755e-05
1415,0.0011597328280449348
1416,0.9999999942058533
1417,0.9999904417699691
1418,0.912059246955769
1419,0.9999886088228368
1420,5.448061620727529e-07
1421,0.0019191316505461353
1422,7.157470172103331e-10
1423,0.008584309223660602
1424,0.9999999985678976
1425,8.215650382226158e-15
1426,0.9999996853565124
1427,0.9998169391137182
1428,2.220446049250313e-16
1429,0.9999999999112884
1430,1.2778876369301528e-06
1431,0.9999994442318051
1432,0.0003722747161611917
1433,0.999939293711163
1434,2.2437340874148504e-10
1435,9.203753056352681e-06
1436,0.9985934669760008
1437,1.1254508436309152e-10
1438,0.9999929734067917
1439,0.999999867258417
1440,4.1765413349992286e-10
1441,0.9999981062926893
1442,1.6292036792986408e-06
1443,0.0006837627874077823
1444,0.0
1445,0.1260580098571782
1446,0.9999999947680274
1447,1.4629473478633415e-05
1448,6.690203946391193e-13
1449,1.56097357262297e-13
1450,0.9997807231322557
1451,0.0
1452,3.814371041244158e-11
1453,0.9997902867274676
1454,0.9999998898558874
1455,0.0
1456,0.0017507036764196071
1457,3.545006965754993e-07
1458,0.0
1459,3.774758283725532e-15
1460,2.986265338122962e-06
1461,0.0
1462,1.2208012378778221e-12
1463,0.9997817341332501
1464,0.9999968758154253
1465,0.9853712510517876
1466,2.705031483696274e-06
1467,0.002218836455055828
1468,0.00023977290683496744
1469,0.9999702139160452
1470,0.9999965918241316
1471,0.9999283799422066
1472,0.9999999999989599
1473,2.9735579554213132e-08
1474,0.9999999999999991
1475,0.9999999697980536
1476,2.714586333496527e-09
1477,0.00025034324607353664
1478,3.057818442897542e-10
1479,0.9999988720317591
1480,0.999999690480013
1481,0.9999978231440554
1482,3.7128401675357026e-06
1483,0.9999999999374583
1484,0.0014677192907168735
1485,9.226435171427738e-10
1486,0.9999998903212939
1487,0.9977213117367965
1488,0.999999733563435
1489,0.003897907607047779
1490,1.7763568394002505e-15
1491,9.77723901840477e-10
1492,0.9999999988172543
1493,0.9999963695297862
1494,3.711741540568525e-05
1495,0.9999999801178162
1496,1.7183703349132884e-09
1497,0.9999709627208246
1498,0.999999945935036
1499,3.449777520447839e-05
1500,0.9999999999998047
1501,0.03528069144863932
1502,0.998933236715381
1503,0.00046558279149133686
1504,0.9999979909743104
1505,1.7771985771908305e-08
1506,1.305622276959184e-13
1507,0.9917786197965884
1508,0.15854924084772903
1509,4.909406214892442e-13
1510,0.9999075618133121
1511,1.2026352025351628e-08
1512,0.9999768906017217
1513,5.851641393661566e-10
1514,5.471179065352771e-13
1515,0.9993928879392368
1516,0.7051380534107581
1517,0.0
1518,0.38487446117151225
1519,0.9999999999999983
1520,0.999999999930722
1521,0.9958542486646055
1522,0.011519841817621668
1523,4.749309680751601e-06
1524,0.9999355880632226
1525,0.9999998365577346
1526,0.9996453724161817
1527,0.0009256208107468744
1528,0.9999999904852666
1529,5.653299943064738e-06
1530,0.9979262203809625
1531,8.424529881478904e-07
1532,3.0238657022785276e-06
1533,2.8423485676221105e-08
1534,0.999998303168718
1535,0.9992634554117047
1536,0.9999999857233238
1537,0.9999999811705013
1538,3.943432133934888e-05
1539,1.1808634070575863e-09
1540,0.999992081488684
1541,0.00024545466595304877
1542,0.0019144318752933875
1543,0.0011684493482841951
1544,0.9999999949358567
1545,0.9999999805349095
1546,0.9986259255525275
1547,7.824426540015139e-08
1548,0.9999999629121499
1549,0.9998000993367081
1550,0.9999996307486746
1551,0.999996360199327
1552,0.9903231896285299
1553,0.9974196235624866
1554,4.440892098500626e-16
1555,0.00032926360716967196
1556,1.0822673868204902e-09
1557,1.509719740133697e-05
1558,0.9999999047338454
1559,2.828848266744899e-13
1560,0.0
1561,0.9999883642156632
1562,0.9999912495620593
1563,0.9998474352726492
1564,0.9841746963553292
1565,0.996883462426244
1566,0.9996847017277207
1567,0.9999679730941581
1568,2.851052727237402e-13
1569,0.001528236070141964
1570,0.9997483440529196
1571,0.9998321503831378
1572,1.277857441417396e-06
1573,0.006086782439410521
1574,0.0
1575,0.9999999998449839
1576,0.0
1577,0.9999684763803126
1578,0.9999999383497237
1579,1.3945057086850454e-06
1580,0.0023195896937792115
1581,0.9999999499997235
1582,1.574414931360124e-05
1583,0.9999817737182576
1584,0.9991988702794936
1585,0.919128059514633
1586,1.2884182609695927e-10
1587,0.002007195575537968
1588,0.999999496170824
1589,0.9819039905893431
1590,0.9805366473321192
1591,0.9998379950213787
1592,1.7811405373269196e-05
1593,0.9999685273123928
1594,3.2807423444580763e-10
1595,0.0007372221795094447
1596,6.7921601138998255e-06
1597,0.010638418730355093
1598,9.606457144939462e-05
1599,2.123783815477509e-08
1600,0.9174768672449275
1601,0.00014288509114512848
1602,0.9999971814216693
1603,7.548476399499293e-09
1604,4.99205052206797e-06
1605,0.9999999951907969
1606,4.375450002314096e-09
1607,3.2107649872159527e-13
1608,1.1027698199050917e-08
1609,0.9999558851602006
1610,0.9999839555082389
1611,0.9999819875542757
1612,6.661338147750939e-16
1613,0.999990952040795
1614,0.9999212953248692
1615,1.663567260612453e-07
1616,0.9999600467333172
1617,3.001421333692633e-11
1618,5.127157705453467e-05
1619,0.22859411494925352
1620,0.00027202932330949725
1621,3.7569236610579537e-10
1622,0.9817181588415537
1623,0.9999999999999997
1624,0.9999999999999988
1625,2.220446049250313e-16
1626,0.9999945630605973
1627,0.1394959480906477
1628,2.541500343511416e-11
1629,0.999989534294581
1630,0.9999999999958417
1631,0.9999986733890673
1632,3.194001990669548e-07
1633,9.72111280361787e-13
1634,4.184852970212649e-05
1635,0.0009490790581495601
1636,0.2871715499971734
1637,0.9782136730192437
1638,0.9999887478450722
1639,0.9990737781123318
1640,0.9999998120417561
1641,1.3188221625881624e-09
1642,0.6947332264817088
1643,0.9999969355633451
1644,0.9999999899906943
1645,1.1102230246251565e-15
1646,0.9984339371079163
1647,0.9999986268432439
1648,0.999998261252317
1649,0.9999999519508745
1650,4.7185001184057995e-07
1651,0.995094469842116
1652,3.874611991538934e-05
1653,6.157941823015101e-06
1654,0.007740076544011543
1655,0.006061628790234974
1656,0.0
1657,0.9999999999978136
1658,0.999999998758659
1659,8.503780224433655e-08
1660,0.9676275785382553
1661,0.9964293932175358
1662,0.9972661051047126
1663,6.661338147750939e-16
1664,5.448464452828539e-06
1665,0.0003643749341318836
1666,0.998551119610303
1667,0.9999681254079742
1668,8.047623567541962e-09
1669,6.856520062825666e-08
1670,3.651301483387215e-12
1671,0.9999999999936828
1672,3.175237850427948e-14
1673,0.999999997157044
1674,0.9999999991645397
1675,0.0001465622962931734
1676,1.7255041839803198e-10
1677,0.9999679610903701
1678,0.9713186983134735
1679,0.01141606954878105
1680,0.0004125095821853053
1681,0.0
1682,0.9999986480663159
1683,3.041478180421109e-11
1684,0.9997866669988247
1685,4.9453955819345197e-08
1686,0.9999995447160196
1687,0.9999889986030824
1688,0.9999942321987217
1689,0.9999974730860979
1690,0.9999879553193964
1691,0.00010979912506536849
1692,0.0
1693,0.9999999995150154
1694,7.284112121253017e-07
1695,0.9990262759390304
1696,0.9985306582818844
1697,0.9069157714001391
1698,5.6849893126376116e-08
1699,5.492148528141172e-05
1700,0.9999997151442473
1701,0.999958383782893
1702,1.7763568394002505e-15
1703,0.9977712928629189
1704,0.9998405550174441
1705,1.0280982731813992e-09
1706,0.9968758784663813
1707,4.241424219419976e-05
1708,0.9191619817150185
1709,0.9999999026282139
1710,0.970684023746916
1711,0.9999999999996885
1712,2.284810118879932e-10
1713,3.608919331155036e-07
1714,0.9985522320573126
1715,0.9999916548724006
1716,4.115596752285455e-12
1717,9.158451774737841e-11
1718,2.0983215165415459e-13
1719,4.285460875053104e-14
1720,0.9999552337378127
1721,7.474256984441041e-07
1722,0.9999659419754405
1723,0.9999999999768159
1724,0.9999993762339385
1725,1.0302869668521453e-13
1726,0.9999956487822987
1727,0.9999999999999694
1728,1.0631696323315509e-07
1729,3.12468582664982e-05
1730,0.9991669407598907
1731,0.9999789140526457
1732,0.999999991487643
1733,6.439293542825908e-15
1734,1.1861343363062105e-07
1735,0.999998568734158
1736,0.23421900628710446
1737,0.002160845741928541
1738,1.3892125938497202e-07
1739,0.9999296289079366
1740,0.9999999999997063
1741,0.5383023742857198
1742,0.9999999999999907
1743,4.193334568469709e-11
1744,3.9654783456910536e-08
1745,0.9919821346005752
1746,0.9999918004489967
1747,0.6500019824790457
1748,4.81057593759715e-09
1749,0.9949561059941462
1750,0.999991282976642
1751,2.70398384794035e-08
1752,0.9965283699308886
1753,1.6060930363437365e-11
1754,3.1511799059025236e-08
1755,0.9999997363072266
1756,0.999999620449477
1757,1.755892635735279e-07
1758,0.9997964917833759
1759,1.020528328510295e-09
1760,0.9999223023838313
1761,4.35883817928584e-09
1762,6.241074324009332e-11
1763,0.9999782641245313
1764,0.9999452102388745
1765,0.999999961873696
1766,0.9999999999133646
1767,8.734568623935957e-12
1768,9.00304182649414e-07
1769,0.9998998963813669
1770,1.674587325850574e-05
1771,0.9093476382946719
1772,0.9996781298775851
1773,1.9602534933604865e-05
1774,1.8510733057475193e-08
1775,0.2505728609482314
1776,0.9961908548463968
1777,1.256177384334478e-10
1778,5.247793033458237e-08
1779,2.5979218776228663e-14
1780,4.884981308350689e-15
1781,0.05452513535098624
1782,9.41682525290588e-08
1783,0.07216368866661749
1784,3.3503317642402664e-07
1785,7.600409190899882e-11
1786,4.662936703425657e-13
1787,0.9999176427008791
1788,7.055718231896435e-10
1789,0.9999999999990693
1790,0.6654189197337762
1791,1.5443072376442046e-08
1792,0.8988718494472949
1793,0.9999354765724534
1794,0.9999999972458012
1795,0.999999748876458
1796,8.140018437075014e-08
1797,0.0
1798,9.318001288671773e-06
1799,0.9999805314844579
1800,1.6505088407114954e-09
1801,0.9999988342824698
1802,0.999999747490935
1803,2.1154585416738314e-08
1804,2.6772337236025123e-08
1805,0.02371675351971758
1806,5.466026298250881e-09
1807,0.9999871613582835
1808,6.661338147750939e-16
1809,2.540142299833903e-07
1810,1.9689734691574756e-06
1811,2.441158386545794e-12
1812,0.9999999966864711
1813,0.00010022618359573077
1814,1.48196721561078e-09
1815,2.0790773750500868e-05
1816,8.8906202004857e-06
1817,0.9483594653625218
1818,0.9999937313149868
1819,0.999999907626086
1820,0.0
1821,0.9999999999999271
1822,0.999392974123805
1823,0.6704467593338914
1824,0.0007140640252020214
1825,1.5414182771289475e-06
1826,0.0004952885742239843
1827,5.684341886080801e-13
1828,0.0006941867048690931
1829,0.9999960401020502
1830,0.999120638773054
1831,0.9998034284909473
1832,0.9999999998292818
1833,0.9979065819956724
1834,0.9991078347647475
1835,0.9999173147556926
1836,0.0
1837,0.0008113495304964413
1838,0.0
1839,0.0
1840,1.1102230246251565e-15
1841,2.3534678983416768e-08
1842,0.9999999997418799
1843,0.983168025478893
1844,0.9996920300640691
1845,0.0025072304345883367
1846,0.0
1847,0.9999974754180851
1848,4.129585562395732e-12
1849,0.9986905474011503
1850,0.9999356695835789
1851,0.9999625725980139
1852,1.0275411632676423e-09
1853,0.26697275646542296
1854,0.0
1855,0.9990470305055703
1856,0.002724441513474396
1857,1.0750875745202393e-09
1858,0.9999965360508531
1859,3.337936420599874e-07
1860,0.00011253975847924647
1861,0.9999840883660357
1862,0.03249751318028948
1863,0.1446408545963085
1864,4.440892098500626e-16
1865,0.7747747984908253
1866,0.9999999734374575
1867,0.825034337392329
1868,4.6027903599643594e-08
1869,0.999999988672163
1870,0.00022397920899286383
1871,0.9999999999046616
1872,0.0016705701423004315
1873,7.623172013637713e-07
1874,4.6698965117109026e-07
1875,0.9998399740415995
1876,1.5891552970215272e-06
1877,2.0070486511092334e-05
1878,0.0
1879,3.078243684950799e-06
1880,0.17294002980703227
1881,0.9998686353611871
1882,5.5278004396086544e-12
1883,4.652006113659013e-09
1884,2.6142873466028504e-07
1885,0.04671505514994734
1886,0.9999995308865967
1887,5.973408683246362e-07
1888,1.3771323874256503e-05
1889,0.6826670327240898
1890,0.9999995890370907
1891,1.1437517599688363e-11
1892,0.999999999815341
1893,0.0008832916792520518
1894,0.9999999437386219
1895,0.0
1896,3.073608034753761e-11
1897,0.9999974133036861
1898,0.9999999999999994
1899,0.9993489996133896
1900,0.9992250714370385
1901,0.9997758011858271
1902,0.9999999974022639
1903,0.9999999999999986
1904,0.9974561101924632
1905,0.997448798476877
1906,1.580824360303268e-11
1907,0.06765538820277317
1908,0.9969835179079913
1909,0.9999997493299932
1910,6.325691082054163e-10
1911,0.002128926728265368
1912,0.0006869087713012867
1913,0.999985632453006
1914,0.9999997269469963
1915,0.00018151315885150954
1916,0.9999998234437523
1917,9.484047698293807e-07
1918,3.610281866239795e-06
1919,0.012700270954330684
1920,0.9999999999926096
1921,0.9999999999997721
1922,0.9983838023559024
1923,2.8199664825478976e-14
1924,8.292627700379196e-05
1925,5.5784262986691147e-08
1926,0.9999945186484431
1927,0.9999999999936275
1928,1.101140101322784e-08
1929,1.6589794121335544e-05
1930,4.3104820246497866e-07
1931,0.0
1932,4.18554080283684e-13
1933,0.9999961674115305
1934,2.6807868457323636e-06
1935,0.00027336716771841907
1936,0.9994566925549883
1937,5.074516362668646e-10
1938,1.2163698238309983e-05
1939,2.7057919541606523e-05
1940,0.999999879180203
1941,0.9999991053294865
1942,0.9999997985372591
1943,0.9999896237626182
1944,0.999557358520045
1945,0.9999999999999363
1946,0.9999850294372326
1947,2.220446049250313e-16
1948,0.9999892899748944
1949,0.9999999429458675
1950,0.9999792073667028
1951,0.9999984254026744
1952,0.999997860770057
1953,0.9999362889146819
1954,5.4505733260157285e-11
1955,0.9999999629772877
1956,5.711496466886956e-07
1957,0.07492864548008626
1958,4.0753560239692455e-05
1959,7.729019367630485e-06
1960,4.565032439840522e-07
1961,8.173403410194346e-06
1962,7.418494842237333e-05
1963,0.9999163161171805
1964,0.9999999805967351
1965,0.0017410011195075903
1966,0.0004101855387668163
1967,4.1927503502403596e-07
1968,0.9999977615319167
1969,0.0
1970,6.626144077870322e-11
1971,0.8639188400957407
1972,9.71533964388982e-12
1973,2.6857405188707162e-11
1974,0.0016300295337930981
1975,0.06363538530925605
1976,0.0003282414849099524
1977,0.6936419375205743
1978,0.06214797901738012
1979,0.5693763200497869
1980,0.9980646180550449
1981,9.810596779402658e-11
1982,1.7348789072002546e-11
1983,2.3092638912203256e-14
1984,0.0
1985,0.0
1986,2.2450232433079975e-06
1987,2.220446049250313e-16
1988,7.297449422516422e-08
1989,0.0
1990,5.91113535700627e-05
1991,0.9999995951330801
1992,0.9999973391409959
1993,0.9999999961336137
1994,0.0004560580143834203
1995,0.9390521116684295
1996,0.0
1997,1.8412211677532042e-07
1998,0.0012588833786728593
1999,0.9999979610813199
2000,0.9999999999999357
2001,5.393019719690528e-08
2002,0.9999451557239203
2003,1.1708856106906751e-11
2004,0.9999999999999808
2005,0.9999999974737379
2006,0.9835360270554157
2007,0.00034536051276234936
2008,1.4367684819660553e-10
2009,0.0009597756565432602
2010,2.2647128572472752e-07
2011,0.9999998725492538
2012,0.7486163179394757
2013,0.9998544490876536
2014,0.9994970173373076
2015,0.9897328771298534
2016,1.26312680948093e-06
2017,1.0222418467265015e-09
2018,0.9999033420337722
2019,0.9992602121706855
2020,0.00012031310017146524
2021,0.02151210497684719
2022,2.4291731226533386e-07
2023,0.9999818638019323
2024,0.024554029551058565
2025,0.999932131121774
2026,0.9999964805260906
2027,0.7884897020759781
2028,1.4989098851003746e-10
2029,0.9999627565197058
2030,0.9999759451458522
2031,0.11040177501034709
2032,0.999999695907007
2033,0.9999967779732508
2034,6.076679159860987e-10
2035,7.331490969875176e-11
2036,0.9640153811183514
2037,0.9999665801823947
2038,0.999977322260813
2039,0.00019981838412841402
2040,5.1407218765175955e-06
2041,0.9999779335211929
2042,0.999999990281052
2043,0.0
2044,0.9998643362443967
2045,2.8694824294461796e-12
2046,7.549516567451064e-15
2047,1.2078310425156502e-06
2048,0.8632020635465097
2049,0.9999982531970197
2050,1.7985494281780312e-05
2051,5.950683001909596e-07
2052,8.309850627497006e-06
2053,6.317169010117141e-13
2054,7.258451473202143e-08
2055,2.7438123217926602e-08
2056,0.0
2057,0.9920619077057345
2058,0.0
2059,0.9999999739041617
2060,4.614723284279698e-06
2061,0.9985384389534468
2062,0.9999999999945279
2063,9.837908165888365e-07
2064,0.0004078749905835899
2065,0.0870661948595276
2066,6.750165630853289e-05
2067,0.9999992723187459
2068,0.9999999846859003
2069,4.394050218237133e-06
2070,0.9927993105987856
2071,0.8911700583860083
2072,0.6485672651660339
2073,0.00010320616867864896
2074,0.6829063831527078
2075,0.9999228295912204
2076,1.9865296441157199e-07
2077,0.5961358651360258
2078,0.9999740645010258
2079,2.7980109340575154e-09
2080,5.3559164640559764e-05
2081,0.0004080323026003363
2082,2.7835543603416113e-07
2083,0.9993142846850639
2084,0.9999999999534082
2085,3.3180398872900696e-08
2086,1.4783572905852083e-06
2087,0.9976886061547915
2088,0.9999975650583345
2089,5.995204332975845e-15
2090,0.9998957901072244
2091,0.9999718567048292
2092,0.9885477014635664
2093,0.001702207572178871
2094,0.008934548276506526
2095,0.9999997697727703
2096,0.0019888905073430774
2097,2.1202843536460847e-07
2098,0.999990056833817
2099,0.0015171528002129175
2100,0.9997368626148072
2101,0.00022899930944653146
2102,0.9999999999994078
2103,2.2979978418380398e-05
2104,0.0018802789025581523
2105,9.292293747931168e-05
2106,0.9999116199155049
2107,0.9999992644767386
2108,0.9999999999927868
2109,0.9966247527408464
2110,4.0678571622265736e-13
2111,0.010295929273975268
2112,0.9999999951218631
2113,1.1229230953979652e-06
2114,0.9998177732060662
2115,1.878649611430916e-07
2116,1.283639861071606e-12
2117,4.440892098500626e-16
2118,1.2881287703159217e-08
2119,0.9999998667916481
2120,1.6511147266085047e-06
2121,7.940351350921304e-05
2122,0.9999998244419366
2123,0.99999995171775
2124,0.9344101705924538
2125,5.6994889395811654e-06
2126,9.063199984948866e-07
2127,1.7763568394002505e-15
2128,0.002805686246422745
2129,1.715738662255717e-12
2130,0.03530935708699412
2131,0.13526366531676348
2132,9.189874639825568e-06
2133,0.9999999999920217
2134,0.999995377908684
2135,6.471394485230153e-05
2136,0.9999999876809931
2137,0.9999998989251973
2138,0.9997641353937827
2139,0.9999999990176093
2140,0.9999907009873381
2141,0.9999999807638222
2142,0.9973335982849206
2143,1.789385005723787e-06
2144,0.9999989483041476
2145,0.9899714554071377
2146,0.7756244457762986
2147,0.000507618436063062
2148,0.9999989864439807
2149,3.68993724464417e-12
2150,0.9999999593531252
2151,0.9999446542481483
2152,0.9988853721347478
2153,0.37840629552479244
2154,0.9999999999995488
2155,0.0001626516410953016
2156,5.157627862184544e-05
2157,8.977263377119016e-13
2158,5.995204332975845e-15
2159,0.0007536177048507176
2160,0.999868405364099
2161,0.12039285768394914
2162,0.9999998172154811
2163,0.999998420810964
2164,0.999998840288403
2165,0.99997055243727
2166,0.9999851121166345
2167,0.9999999999999508
2168,2.2024926095265407e-05
2169,0.0
2170,2.3190423648067338e-06
2171,0.9999907831070318
2172,0.9999999999335
2173,6.334301207999715e-07
2174,0.999999999961897
2175,1.7563728249569976e-13
2176,0.999520163504974
2177,0.051316628095859684
2178,5.916955391205292e-07
2179,0.9999950542491025
2180,0.999999972056486
2181,2.5598465066889453e-05
2182,0.996827324054623
2183,0.0008333510560303292
2184,0.9999999972180121
2185,0.0028464645836924207
2186,0.0
2187,0.9999997678356237
2188,0.9999849004611209
2189,0.994123488053506
2190,0.9965279861349997
2191,0.8796098846440165
2192,0.9999984792456417
2193,0.0
2194,0.9999392041428309
2195,0.015092003008620458
2196,0.008764487648164399
2197,0.9960400040246907
2198,0.9999994831173261
2199,1.6404655411861313e-12
2200,0.9999999975836129
2201,0.9999999920505674
2202,0.9999999994339627
2203,8.393286066166183e-14
2204,1.4699720551902828e-08
2205,0.9999999978983116
2206,0.9999999999848596
2207,9.750348007875331e-07
2208,0.9999999967424676
2209,0.9986898674363798
2210,3.086420008457935e-14
2211,1.238449132134889e-08
2212,0.9996705145913849
2213,0.00013138267463519426
2214,0.0006624111904915964
2215,0.9952739816395578
2216,0.9999999831783265
2217,0.9997783719519734
2218,0.9527791622685036
2219,0.0007320425924696172
2220,0.95079398898513
2221,0.8599048035680936
2222,0.9999999989628007
2223,0.9999969908663613
2224,2.03706203316667e-06
2225,0.9996645482748386
2226,0.9999976709992672
2227,0.9999608948201753
2228,0.999368834501233
2229,0.9968367280034165
2230,3.160783408340251e-07
2231,9.46126284118165e-06
2232,0.027082674473915325
2233,0.00018451439461530939
2234,0.01076425417470106
2235,0.9999708147646327
2236,0.9989249327417752
2237,1.9219296590877732e-06
2238,0.9999980633494276
2239,1.2817619741145592e-06
2240,0.9999999974671695
2241,0.9999999999999806
2242,0.9999994684195077
2243,1.0999663591082509e-07
2244,0.9999999998729044
2245,5.938392000359727e-10
2246,1.282149941772559e-10
2247,0.9999999997977393
2248,2.291500322826323e-12
2249,5.072831044117265e-12
2250,4.509348450199013e-11
2251,0.9999999661464299
2252,0.9998379239369712
2253,0.0001319516105391383
2254,1.0338898626116588e-09
2255,0.9999999443530181
2256,0.9999998710241299
2257,0.11801903181025097
2258,0.9945798419639945
2259,0.0003846863964086511
2260,0.9999999999777396
2261,4.807510003423943e-07
2262,1.9266687245611536e-08
2263,0.999784781253509
2264,0.9999269387215434
2265,0.9999713832047475
2266,1.638689184346731e-13
2267,0.03201862600163219
2268,0.8186196422058432
2269,0.9999999723030865
2270,0.0
2271,0.27920545319860146
2272,4.6862510066802976e-05
2273,0.018935357607342218
2274,1.9565321129899615e-07
2275,0.9999998004156239
2276,8.282263763703668e-14
2277,0.03374586839242144
2278,0.0
2279,0.999860380222537
2280,0.9999789711170722
2281,4.072298054325074e-13
2282,1.7490385029184097e-08
2283,6.872531797819104e-05
2284,8.84903261777481e-10
2285,0.00010132455146472097
2286,0.9999999999882809
2287,0.7019716676801884
2288,7.707456831307358e-05
2289,0.9999999948085461
2290,1.71914721347477e-08
2291,0.9999913191307909
2292,0.9999658966320109
2293,0.9998609250336277
2294,1.3950358646042105e-09
2295,0.9907546803815753
2296,2.680078381445128e-12
2297,0.9999888275730094
2298,0.0005351861262311575
2299,2.1084719492581172e-05
2300,0.16115657166411057
2301,0.9999999998915591
2302,0.9339225577995623
2303,0.9999999999991489
2304,2.9310656235459476e-07
2305,0.9791889747445099
2306,0.9999999985582656
2307,0.0014508788825066121
2308,4.705607307475823e-06
2309,0.9866673395172938
2310,1.6273649094955545e-12
2311,0.9998461790336514
2312,0.9999999364667613
2313,0.9999999991653676
2314,0.9995267722079733
2315,1.357267631618697e-10
2316,6.139852094966258e-06
2317,0.9999999999612379
2318,0.9993854933266175
2319,0.09206062934824855
2320,1.0875744749228033e-11
2321,0.9998090207742075
2322,0.0030105009214154155
2323,1.5248960482217022e-05
2324,2.075277498736483e-07
2325,5.69355673718519e-11
2326,0.9197665445257038
2327,2.74920086695829e-10
2328,0.9626692871193113
2329,1.3215558540724537e-05
2330,0.9999999999942853
2331,0.9999999657081007
2332,0.9999908605557903
2333,1.478026183554526e-06
2334,0.9996603327226319
2335,0.9999867211762974
2336,0.9999815175663801
2337,3.2292192202465486e-06
2338,0.9999937231594748
2339,8.8626883609777e-12
2340,1.9984014443252818e-15
2341,0.012119110198858474
2342,7.341349750333848e-10
2343,0.9999999970726718
2344,0.9992142329918607
2345,0.9999601816819315
2346,0.02940723151460578
2347,0.9999999993908895
2348,0.9999999992196813
2349,4.254036323203536e-08
2350,0.999626444175473
2351,0.9999999994379823
2352,1.3197887227534011e-11
2353,0.999999960199202
2354,1.4034518133199114e-06
2355,0.0998702945484039
2356,4.747561366258424e-08
2357,0.9602349685392565
2358,0.9304013017012528
2359,1.1102230246251565e-15
2360,0.9999999991522188
2361,0.9996872639179745
2362,0.0
2363,0.00011674753507107116
2364,0.9999825860642936
2365,4.057669311663403e-09
2366,6.229783333644434e-07
2367,0.9999999486546272
2368,0.9999933787211788
2369,0.07560099546785459
2370,0.7075135696652881
2371,0.8320317805810676
2372,0.9999999994105194
2373,1.482184739831638e-06
2374,1.6408956637903316e-08
2375,0.9994859416988344
2376,0.0001480595259696349
2377,0.9988875596436547
2378,0.9999999999502227
2379,1.0598848048104514e-06
2380,0.00015377211668476942
2381,0.9999993280229582
2382,0.9999990129624041
2383,0.9999999339816269
2384,1.7371213245631623e-08
2385,0.9995126898399119
2386,5.436084471566183e-06
2387,0.9999996574275802
2388,0.9999858182344981
2389,2.0093654987674014e-06
2390,0.0
2391,7.276648238407901e-07
2392,0.001501971785237699
2393,0.9994969451867639
2394,0.9999984949588001
2395,2.318992760930172e-06
2396,0.9537487270122408
2397,0.9999999999997822
2398,0.999920316910449
2399,0.9994029997106545
2400,0.0015961212042899797
2401,3.0266766870568063e-10
2402,0.9999999999903881
2403,4.465692728050641e-06
2404,0.9999997916805319
2405,0.9999999996018728
2406,0.9999999929610847
2407,0.999999997467586
2408,0.9999999972942791
2409,0.001354399167529663
2410,0.9999999684958499
2411,5.210201159400185e-10
2412,3.219704724943817e-06
2413,0.9999999999999556
2414,3.837021756214476e-06
2415,0.9999996846713967
2416,1.0987072158186173e-05
2417,0.9956542640199298
2418,0.02690956726039595
2419,0.0
2420,0.9999932109242224
2421,0.008655286481906277
2422,2.0844099264838434e-05
2423,0.9999999999996988
2424,3.5345272597631094e-08
2425,7.089175578234297e-06
2426,0.9999992194993432
2427,1.196289733940148e-10
2428,1.5233940553471825e-08
2429,0.9999886580952463
2430,5.830926783634283e-06
2431,0.9999999601158828
2432,0.9999999167829141
2433,8.901583193154927e-05
2434,0.9998123173533481
2435,0.9999999052775641
2436,8.796397370713915e-05
2437,0.9999999999586136
2438,0.9999999999515932
2439,0.9999994014364931
2440,0.9999999999992004
2441,0.9999835615017985
2442,0.9994568214315496
2443,1.108030112106917e-09
2444,0.999999999999971
2445,2.220446049250313e-15
2446,4.6692595123687397e-07
2447,0.9999999763483006
2448,0.9979710511353567
2449,0.9988820631899901
2450,5.750955267558311e-14
2451,1.955501760519951e-09
2452,9.315192670000805e-06
2453,0.9999548111455686
2454,5.072586795051848e-11
2455,0.0004561406889722619
2456,0.9980872163831811
2457,0.9999999999902848
2458,0.012682465892649875
2459,0.528935023912295
2460,8.568257214847108e-12
2461,0.9999775488092382
2462,0.9999940303384832
2463,0.999999955525764
2464,0.9856743996854136
2465,0.9999808118796936
2466,2.282114497376142e-10
2467,0.23060230843697238
2468,0.9800509007286472
2469,2.1953550088937845e-12
2470,0.9771786045742683
2471,0.9999994009605834
2472,0.9627130558079855
2473,0.0
2474,0.999999931440799
2475,0.9897864752802026
2476,0.03950949308923535
2477,0.9983421203053754
2478,0.99999986808939
2479,0.9999906581383452
2480,8.798608464033464e-08
2481,6.041256384037297e-11
2482,0.9999999173471261
2483,0.9798138602270225
2484,5.773159728050814e-14
2485,0.4209474017240745
2486,0.9999999998361325
2487,0.9999999999270595
2488,9.705775483315193e-08
2489,1.0276000050879475e-09
2490,0.9999967652179675
2491,0.9999999894166814
2492,1.6775282983827466e-06
2493,0.9999982640535504
2494,0.9999999970856885
2495,0.9972828451411022
2496,0.9999998559108478
2497,0.012919974945265755
2498,2.7307247138841362e-05
2499,0.00044885534063598964
2500,3.2927293046602912e-06
2501,0.9999984346034712
2502,0.99999999104925
2503,0.9999307359621289
2504,0.9999999519558984
2505,1.0
2506,0.9999999973713988
2507,0.0033078258844053687
2508,1.9473892454158204e-07
2509,0.0014793738926685007
2510,0.9999995436144261
2511,0.9999907647521545
2512,0.9993335057757755
2513,2.0223407592889764e-05
2514,0.9999999946744693
2515,1.6108960831928698e-08
2516,5.077716025425616e-12
2517,0.9999945712140723
2518,0.9984746228240626
2519,5.470862429746148e-09
2520,0.9999999999960779
2521,0.9999700434081253
2522,2.220446049250313e-16
2523,0.9999999872469703
2524,1.607761952338027e-05
2525,3.3067640448192215e-05
2526,0.9999999992351764
2527,0.000310352905138811
2528,0.9993555755060188
2529,0.9999988908210025
2530,0.9999999999968165
2531,3.6076031051379687e-10
2532,0.999997409819351
2533,0.9999999999858388
2534,0.9997479585571525
2535,0.999945365912292
2536,0.999998973874936
2537,1.1823786394415947e-10
2538,0.9999882792256579
2539,3.56195346973287e-05
2540,0.9999895262097726
2541,0.9999968717582423
2542,0.9999991750122514
2543,1.177023129950161e-05
2544,6.376788578288384e-07
2545,0.9999999869106742
2546,0.9836003206974692
2547,0.0006141467368329101
2548,1.3798318043711788e-10
2549,0.9999111271267301
2550,8.194438354303113e-05
2551,0.999605208099718
2552,4.039166265901173e-07
2553,0.9994831018260871
2554,0.0
2555,0.9999372963925542
2556,7.941334256855725e-10
2557,1.2747054523032375e-09
2558,0.002883608164638507
2559,0.9997225132298009
2560,8.473133306097225e-11
2561,9.98110483152459e-11
2562,0.9999989990011724
2563,0.00030016177692315793
2564,0.9999999903315915
2565,7.751050912219171e-10
2566,0.999889005301045
2567,9.038991777288174e-12
2568,4.4267967735933667e-08
2569,0.9999230629362478
2570,3.4176885765901943e-09
2571,3.249178703867983e-12
2572,8.909457502481732e-05
2573,0.9999999989739227
2574,0.9819644228470278
2575,0.001658667426582383
2576,0.9999992281965221
2577,0.9999993465315793
2578,0.9969046136842566
2579,1.3103758804589027e-05
2580,0.5192162194494325
2581,4.229594233795542e-05
2582,0.9999559943781772
2583,0.9992507605673275
2584,4.5927528447009536e-09
2585,0.9988293824625177
2586,0.99980600716235
2587,0.0022016311108582487
2588,0.9998328640366378
2589,0.9991067861926637
2590,3.3306690738754696e-15
2591,0.9999966515971068
2592,0.9999905117935358
2593,0.999708363355976
2594,0.9999999184187256
2595,0.9999982995764772
2596,0.999953920016368
2597,0.998767674053841
2598,0.9999998028469819
2599,0.9999998880237339
2600,0.9999959359007738
2601,1.3080507788032492e-09
2602,0.9998385835923342
2603,0.0886745730477102
2604,0.9999986430159169
2605,0.9085441216058288
2606,1.1186950599206824e-07
2607,0.9989398804753176
2608,0.0054327965413307755
2609,1.1102230246251565e-15
2610,0.999999996850783
2611,0.9999999998724053
2612,0.0005047061195306846
2613,0.9999999999675652
2614,5.0988375743799e-09
2615,0.9990617115230689
2616,0.9999999977171449
2617,8.602529813395154e-05
2618,0.9994392740368483
2619,0.2987849240908844
2620,0.9991343717517447
2621,0.999999999575721
2622,7.386122649055693e-06
2623,0.9999997439184393
2624,2.566613588328437e-12
2625,0.9999999989947873
2626,9.378930302395005e-07
2627,0.9999863652521608
2628,0.9999896027503242
2629,1.839849356199963e-07
2630,0.9999999999601483
2631,2.7469850838457432e-09
2632,7.901880853700138e-05
2633,0.9999999994267672
2634,0.9999999782893855
2635,0.999999999900888
2636,0.9892318315069683
2637,0.9999908391002282
2638,0.9999999367973608
2639,0.0006016145070977252
2640,0.9661757549034491
2641,0.9978608008191007
2642,0.0
2643,0.005099758730569559
2644,0.9999999999999762
2645,0.945529486301828
2646,0.05044340879780729
2647,0.9629814547920209
2648,1.1907499786190101e-07
2649,2.098886055945659e-05
2650,4.951594689828198e-14
2651,0.0
2652,4.946973945585409e-05
2653,0.9998794204334742
2654,0.9999933361114195
2655,0.00023119806513616226
2656,0.9999999997097117
2657,0.008020144048231703
2658,0.9999713048147776
2659,5.2008497508637674e-08
2660,0.9999999999853992
2661,0.0
2662,1.0218449175702915e-07
2663,2.57116143931313e-08
2664,8.642965696470384e-07
2665,0.9997603744303101
2666,1.7351051922687155e-05
2667,2.220446049250313e-16
2668,0.00047628659829146436
2669,0.0
2670,0.9999878533676916
2671,0.9999999253865252
2672,0.9999770902669325
2673,0.9999999999999988
2674,0.9999999999593806
2675,0.9999999330182441
2676,0.9575545647225959
2677,0.9996754870432384
2678,7.571721027943568e-14
2679,4.473147583894388e-06
2680,2.62234678416462e-13
2681,0.9999999609919704
2682,0.0003069170029487145
2683,0.8897378362514389
2684,0.9762626364398256
2685,0.0
2686,2.220446049250313e-16
2687,0.9999965422213152
2688,1.83438155427762e-05
2689,0.9999986586231884
2690,0.9999996314016943
2691,0.9999999658952011
2692,1.921823203909767e-07
2693,2.974620327833577e-09
2694,0.9999891860721807
2695,0.9999998322068107
2696,0.08596818300094866
2697,0.9999999999999277
2698,0.0
2699,0.9999999344301698
2700,1.6454025142387252e-07
2701,0.99999999896714
2702,0.08688803291847746
2703,0.9999999999613217
2704,3.891255762056289e-09
2705,1.4803691605891345e-10
2706,0.9999997932883069
2707,0.07974938794158315
2708,0.001175539636563916
2709,1.713141185488709e-05
2710,3.179986174384197e-08
2711,1.557264560303473e-06
2712,0.9999999402697873
2713,2.769250972978199e-08
2714,0.0
2715,0.9999990268702345
2716,0.9999102622905158
2717,0.9999997197810279
2718,0.9999999234838826
2719,0.9999910237017683
2720,0.9984565096212782
2721,0.0008423978786068487
2722,0.9999999987199625
2723,0.7562496364515038
2724,0.0
2725,0.0044505591725827465
2726,1.483850597949754e-09
2727,0.0
2728,4.659998989009484e-05
2729,1.319735432048219e-10
2730,0.0
2731,0.009601947305670544
2732,0.9999999999999681
2733,0.9971461596162771
2734,0.9999999998617332
2735,0.9951555715677937
2736,0.9999999999999671
2737,4.440892098500626e-16
2738,1.268965575951242e-07
2739,0.6134509150234329
2740,0.9999999875272224
2741,0.9999999982308343
2742,0.9999997478667756
2743,0.9999999991416777
2744,0.0007427973844376101
2745,0.9999999634403294
2746,1.6065286878585994e-09
2747,0.9999999767612636
2748,0.9999992407337238
2749,0.0
2750,0.9967170089461036
2751,0.999921951554079
2752,1.8691427699280005e-05
2753,0.0
2754,0.9999532144362778
2755,0.9999897389095574
2756,0.9999999999960963
2757,9.740640178890203e-07
2758,0.9999999994833528
2759,0.9998925866319912
2760,0.10404358696100136
2761,0.9999966116853839
2762,1.7957635378706982e-11
2763,1.8486577046950003e-08
2764,0.9999999936071717
2765,3.9223189562953564e-07
2766,0.9999981967217628
2767,1.405280265487363e-07
2768,4.858335955759685e-13
2769,1.5205710490739932e-06
2770,8.597287152856126e-06
2771,0.9317645870699958
2772,1.462676868513313e-09
2773,2.1701122860928734e-06
2774,0.0020981159737818444
2775,7.941958202195565e-11
2776,2.269802568122259e-09
2777,0.9999999790719274
2778,0.9999999557755284
2779,0.9999999545798132
2780,1.8466716227294455e-06
2781,0.9999817704517808
2782,0.9999998388331196
2783,0.0
2784,2.184474823252458e-12
2785,9.039435866498025e-13
2786,0.9999974466642716
2787,0.9680219609208476
2788,4.2124059795867197e-10
2789,0.9999556386509101
2790,0.044431666892637445
2791,0.9999998719232853
2792,4.236972716009646e-07
2793,0.9999999734620169
2794,0.9999935212061194
2795,0.9925469316161408
2796,0.8978419668102839
2797,0.00012456529201754218
2798,0.9998090727741167
2799,0.9999993089973848
2800,3.5780768126159046e-08
2801,4.404022680981612e-07
2802,4.440892098500626e-16
2803,0.9999878655707958
2804,0.9999999999999983
2805,2.8883939684476445e-10
2806,0.9999991018194665
2807,4.0186587391133344e-10
2808,1.0538236949741986e-11
2809,0.9999999930468637
2810,0.9999797098136518
2811,0.9999999888557273
2812,0.055733063018913453
2813,0.2568150399497656
2814,0.9965152984925051
2815,1.3641532348174223e-11
2816,0.9999968711759588
2817,0.9935749121503497
2818,8.85264101224692e-06
2819,0.0
2820,0.9998096580397734
2821,1.0664025218432016e-10
2822,2.441019025356539e-06
2823,0.9999999858156022
2824,0.9999964453877996
2825,0.9999995927367291
2826,0.9999999123266674
2827,4.2077452633293433e-13
2828,0.9966745124338269
2829,0.9971843354654852
2830,0.0002401632226655126
2831,2.4868995751603507e-14
2832,0.7576503008693192
2833,1.3765412798516508e-07
2834,0.9997214180377528
2835,2.0946088704953958e-05
2836,0.0
2837,0.9997559325489319
2838,0.9999999995198748
2839,0.9968791885136342
2840,5.249745083091284e-10
2841,0.0
2842,2.079046046432609e-09
2843,1.4210854715202004e-13
2844,0.9996007637976267
2845,1.2749801214795298e-11
2846,0.9999995854448714
2847,0.9999999944012566
2848,0.9999966725428889
2849,7.23696038983368e-05
2850,0.00020024280145514162
2851,5.970779426434092e-13
2852,0.9999828039696674
2853,1.2466250254306033e-11
2854,0.9999771258331782
2855,0.0062580831249270386
2856,2.2237770380573174e-05
2857,1.3566925360919413e-13
2858,0.0
2859,0.9999490971481295
2860,0.0009773741589433893
2861,0.9999648203282047
2862,0.9999999997575107
2863,0.9999999631004425
2864,0.002817530580173866
2865,0.07012936278125392
2866,0.9999956966276908
2867,0.9999931493879499
2868,1.5540526806301358e-05
2869,7.371078485363114e-07
2870,0.9999999999632379
2871,3.6131551481854984e-06
2872,0.9999999999999385
2873,0.9986592768874079
2874,7.238654120556021e-13
2875,4.699235579441741e-06
2876,0.9999451275641782
2877,1.1038297009768883e-07
2878,0.9999999996871283
2879,0.9999998273042332
2880,0.9999999685521869
2881,7.221146125502287e-09
2882,0.9999999998788025
2883,0.9999999999636685
2884,1.9514811988585734e-10
2885,2.220446049250313e-15
2886,0.9996535644698894
2887,1.05250707060911e-06
2888,2.768258264840284e-07
2889,0.9999999360316909
2890,0.9999998756271197
2891,0.9998428479876287
2892,0.9997496005264671
2893,0.9999875379324107
2894,0.0001706210595948665
2895,0.9999979765242665
2896,0.999998453003834
2897,0.9999956551521014
2898,2.637398855975803e-07
2899,0.9773249030189085
2900,0.00024833131764812055
2901,0.9999875211723811
2902,0.9999703594474013
2903,0.9999790611297228
2904,0.0008895001445847761
2905,0.9999999051480216
2906,0.9999997478946266
2907,0.0015555784093745917
2908,1.887379141862766e-13
2909,0.8295436923346035
2910,0.9999076522331204
2911,9.383160914921973e-12
2912,0.9995838422705744
2913,0.0
2914,0.9996509358063904
2915,0.9999014342567075
2916,0.9999999945802956
2917,0.9999997977019779
2918,0.9999995920684394
2919,0.9999957003087984
2920,1.0044209747261945e-06
2921,0.9999893458581077
2922,0.9999999999975403
2923,0.9999986860202736
2924,3.394134238043911e-05
2925,0.9986828456022991
2926,0.9999998742752558
2927,8.749179158940024e-10
2928,0.0
2929,0.0
2930,0.9981486369695542
2931,0.9999991747716384
2932,0.9998606792049641
2933,3.3461687348745883e-06
2934,0.9999988370550071
2935,0.9999119249169837
2936,0.9999999999995435
2937,8.394720197957284e-05
2938,6.247389594538078e-08
2939,0.9999998633854948
2940,6.703085381198903e-07
2941,5.9439473669931076e-05
2942,0.999934316950658
2943,8.45685743655622e-11
2944,5.368275380224219e-06
2945,0.9999653787027855
2946,0.9999999997335306
2947,2.4014337163258404e-06
2948,0.0
2949,0.9999936709167834
2950,0.0008076770641627373
2951,0.6963320282368815
2952,0.00010419780020043401
2953,0.9999960032484867
2954,0.16231764797933945
2955,0.9999997421691754
2956,0.0
2957,1.7511487392374292e-06
2958,0.9999999993344754
2959,0.00010336461303506184
2960,0.9938102270082819
2961,0.00028426600109354716
2962,0.9999999999454384
2963,0.9999999945497595
2964,1.1418199719059885e-11
2965,0.9999280999399685
2966,2.897038164917376e-11
2967,0.9985840257069162
2968,0.999999772938245
2969,0.0
2970,0.9999999999997454
2971,0.9999999999128398
2972,7.796378623803335e-07
2973,0.9999887955308618
2974,0.00010824406710263634
2975,0.9999999999932832
2976,0.9998981966588448
2977,0.9999994410473656
2978,1.9213048312316516e-05
2979,0.997530281857402
2980,1.1841327918205025e-10
2981,3.9968028886505635e-15
2982,2.103133840414273e-07
2983,0.9999555931507244
2984,0.9999999999973005
2985,3.4528962639113203e-06
2986,4.809536102712286e-09
2987,1.5479585269706497e-05
2988,0.9999998075491449
2989,0.0
2990,1.8289592063069904e-11
2991,0.9999707410142785
2992,0.9999392516964806
2993,3.326236423073503e-06
2994,0.9999976934224502
2995,0.9999999999853698
2996,1.3788518015145357e-06
2997,0.9994593806375018
2998,0.9756781057487948
2999,0.9991358805091796
3000,0.27768090788755484
3001,1.7652324046935064e-11
3002,0.9999996347830497
3003,0.9999207206100343
3004,0.9999854071042087
3005,0.9999999998693447
3006,0.9999998532321793
3007,0.999999999774907
3008,0.0
3009,0.03107552575658934
3010,1.4652816737736885e-08
3011,8.025802245015257e-12
3012,0.9999158635991849
3013,0.0
3014,0.9999054809259795
3015,0.99999993880049
3016,0.0001202445274824937
3017,0.9999999684172407
3018,0.9994489407946691
3019,0.9997211226190087
3020,2.995499956304215e-06
3021,0.9999914637820443
3022,0.9999999999999774
3023,0.999898422758881
3024,1.9330542374573767e-06
3025,0.9996120420112073
3026,0.9999958357963645
3027,4.926445546060698e-06
3028,1.0131393814227785e-05
3029,0.00010298028624244893
3030,0.9999998781128376
3031,0.9999997819174167
3032,1.6066081220955652e-07
3033,7.292983475148951e-05
3034,6.378611194790551e-09
3035,0.9999994036500226
3036,4.681748322354906e-10
3037,0.00024486423307301663
3038,0.999802355340424
3039,0.9999999592219001
3040,0.9926066674011511
3041,0.9999995765619785
3042,3.7561103227723436e-08
3043,0.8803502373211345
3044,3.106679813402735e-08
3045,2.6658525020817336e-06
3046,0.999999999999793
3047,0.9998562119629092
3048,0.0002880054385461239
3049,0.999999993992551
3050,0.9999990235588477
3051,0.9891249519953426
3052,0.8932589619394611
3053,0.9999524971343771
3054,0.002053369119435322
3055,1.4447807061834794e-07
3056,0.9954672186643566
3057,6.629862000506748e-07
3058,7.687683489798758e-09
3059,0.01139107344535617
3060,0.9998782208111159
3061,1.531105796703791e-06
3062,0.995089595549651
3063,2.209055161017659e-11
3064,2.864375403532904e-14
3065,0.9999735361990596
3066,1.873168287147564e-12
3067,0.9999999999599088
3068,1.3322676295501878e-14
3069,0.9999999997517093
3070,0.9983186179793946
3071,0.9999957654918578
3072,2.2174292990673194e-07
3073,1.4775636214547916e-07
3074,0.9999996749338211
3075,0.9999908723596559
3076,0.9999869603021638
3077,0.14173650571633245
3078,3.3306690738754696e-15
3079,0.9999999876480942
3080,0.9941695843255468
3081,0.9999875423629349
3082,1.1639168895349883e-07
3083,0.0
3084,0.0001255568016685915
3085,1.0456113041179549e-05
3086,0.9999999970290508
3087,9.245789127865223e-06
3088,1.5262632069301674e-06
3089,1.8030021919912542e-13
3090,2.0608892172813142e-05
3091,0.9999999999999997
3092,0.9999744323756331
3093,0.0
3094,0.944579481086101
3095,2.0671437600539022e-06
3096,0.9984271897687362
3097,1.581472730549649e-10
3098,0.999966594236934
3099,0.9999999602550886
3100,0.999639942402315
3101,3.6076944294860525e-05
3102,0.9999996198677843
3103,1.6541541092429668e-07
3104,0.9999825806375233
3105,5.576141539398449e-06
3106,2.9847282012607224e-06
3107,0.003819424185383169
3108,0.0002171924671029446
3109,7.581632351016943e-05
3110,6.392114323661158e-05
3111,0.9999823051119064
3112,0.9999946934416798
3113,0.9999679914925305
3114,0.9999276553119625
3115,8.185902259150168e-06
3116,8.876475665609007e-09
3117,0.9999941867981703
3118,0.9997637032729868
3119,2.6559728359742962e-05
3120,0.9999985910166089
3121,4.741703855393187e-05
3122,0.030267266409094606
3123,1.1898499308049537e-06
3124,0.9999999972349121
3125,0.9999246802192713
3126,9.103828801926284e-15
3127,0.9999999996375323
3128,0.9999999159120009
3129,1.7852386235972517e-13
3130,0.9987929562621959
3131,0.9955131181761849
3132,0.01263431610125687
3133,0.0007197448800571049
3134,0.9993700495853717
3135,0.045477421386760364
3136,0.9998414247892612
3137,0.9999999996584534
3138,0.00045477231011104013
3139,0.007360612913238751
3140,0.9999552048195965
3141,7.473777152711136e-10
3142,0.9999487617986185
3143,0.9999999993489413
3144,2.9627720767200216e-05
3145,0.9999991447706778
3146,0.9999995555508471
3147,0.9999811956897601
3148,0.9999956188850588
3149,0.9999173111010002
3150,1.031892515879207e-07
3151,0.9999953212531756
3152,2.1274315642472175e-11
3153,0.0
3154,0.9837371558626313
3155,0.0077788541220256135
3156,0.9682530293938914
3157,0.9999999543994352
3158,2.0922794830013913e-08
3159,9.091571939734422e-11
3160,9.052883176430271e-08
3161,2.573496971081113e-13
3162,0.001045355035485085
3163,0.9999955928272819
3164,5.264746194555414e-09
3165,0.9999999661729634
3166,0.13820420740445283
3167,9.79716607840686e-09
3168,0.0025640783703976266
3169,0.02542707215778406
3170,0.999969801506542
3171,0.9999952599152915
3172,0.9999999983607593
3173,0.9999957580370226
3174,0.9999999661840381
3175,1.5121237595394632e-13
3176,0.9999985233099349
3177,0.9999999801340866
3178,1.345769789051765e-06
3179,0.9972975081223533
3180,0.9997763696857219
3181,0.002411004714646503
3182,6.56087184580656e-10
3183,0.9999984382258602
3184,7.183568584423483e-08
3185,0.9983137009103016
3186,8.261477894344615e-06
3187,0.0024786445971441973
3188,0.0
